block_id,season,district,cell,agzone,meg_env,lat,long,alt,landscape_pos,slope_pos,fert_rank,soil_color,rockness,soil_depth,slope,trial_follower_gender,trialfield_home_min,cult_land
adfa31ad-95bf-453d-94f1-d163a97756ee,21A,Rwamagana,Akanzu,Eastern Ridges,Low-Mid-Dry,-2.021071808,30.33470688,1638.04,Hills,Backslope,medium,red_less,no_rocks,shallow,3,Male,4,20
d8807f25-e675-49ae-87a3-d228eca23c72,21A,Rwamagana,Akanzu,Eastern Ridges,Low-Mid-Dry,-2.021165621,30.33481651,1622.55,Hills,Backslope,medium,red_more,less_rocky,shallow,4,Male,5,19
262efa71-6ff4-4e18-b6f1-0c3d293504c0,21A,Rwamagana,Akanzu,Eastern Ridges,Low-Mid-Dry,-2.020386306,30.33825798,1610.46,Hills,Backslope,medium,red_less,no_rocks,deep,3,Male,15,18
95c016dd-908a-4f07-9e49-926e9a9f4f19,21A,Rwamagana,Akanzu,Eastern Ridges,Low-Mid-Dry,-2.020589407,30.33758301,1620.42,Hills,Backslope,medium,red_less,no_rocks,deep,3,Male,3,18
1d5c61a0-ca6b-4db8-87c3-5ca46c7cad6d,21A,Rwamagana,Akanzu,Eastern Ridges,Low-Mid-Dry,-2.018119442,30.3386577,1614.13,Hills,Backslope,medium,black_less,less_rocky,shallow,4,Female,5,10
6bbda1ad-cac0-405a-af23-1d7b92b9e8c2,21A,Rwamagana,Akanzu,Eastern Ridges,Low-Mid-Dry,-2.024174378,30.33448713,1658.39,Hills,Backslope,medium,red_less,no_rocks,deep,4,Female,2,17
975e5e46-7503-4d90-b32a-f33a234a1bd5,21A,Rwamagana,Akanzu,Eastern Ridges,Low-Mid-Dry,-2.023605377,30.33366723,1655.79,Hills,Backslope,medium,black_less,no_rocks,deep,4,Female,28,29
27591843-dba1-44c0-8014-d6a31f341e4c,21A,Rwamagana,Akanzu,Eastern Ridges,Low-Mid-Dry,-2.023372161,30.33978807,1628.23,Hills,Backslope,medium,red_less,less_rocky,shallow,3,Female,3,15
730838ee-584a-4aaf-afb5-1ea2abe5180b,21A,Rwamagana,Akanzu,Eastern Ridges,Low-Mid-Dry,-2.020714261,30.33488832,1622.61,Hills,Backslope,medium,red_less,no_rocks,deep,3,Male,4,100
fe2d2425-acd9-43dc-a38c-4d36729b57f4,21A,Rwamagana,Akanzu,Eastern Ridges,Low-Mid-Dry,-2.02541744,30.33859475,1647.93,Hills,Backslope,high,black_less,no_rocks,deep,4,Male,2,30
8dd62e1f-f676-44f9-8bf7-76a969e2474a,21A,Rwamagana,Akanzu,Eastern Ridges,Low-Mid-Dry,-2.023524322,30.33379675,1652.62,Hills,Backslope,medium,red_less,no_rocks,deep,3,Male,2,18
f19aaddb-d22a-40df-afb8-f489b1358d16,21A,Rwamagana,Akanzu,Eastern Ridges,Low-Mid-Dry,-2.02656089,30.33631936,1637.82,Hills,Backslope,medium,red_less,no_rocks,deep,5,Male,25,18
e8ef26c0-2a9c-4699-b8fa-16509d29122d,21A,Rwamagana,Akanzu,Eastern Ridges,Low-Mid-Dry,-2.023656425,30.33370736,1657.73,Hills,Backslope,medium,red_less,no_rocks,deep,3,Female,3,20
fd2519ff-db5c-4673-89bb-382a801825f8,21A,Rwamagana,Akanzu,Eastern Ridges,Low-Mid-Dry,-2.021550771,30.33476268,1627.54,Hills,Backslope,medium,black_less,no_rocks,deep,3,Male,2,68
34519590-bff7-434c-80ce-89a5c91d461f,21A,Rwamagana,Akanzu,Eastern Ridges,Low-Mid-Dry,-2.024447622,30.34041225,1638.41,Hills,Backslope,medium,black_less,less_rocky,shallow,4,Male,5,29
19f383fd-78f4-4ee7-b8cc-a6d1feef9eba,21A,Ngoma,Ndekwe,Eastern Ridges,Low-Mid-Dry,-2.076810094,30.49788793,1396.66,Hills,Backslope,medium,red_less,no_rocks,shallow,6,Male,40,70
f72efb59-2156-4f30-81d4-51c1b0061ac0,21A,Ngoma,Ndekwe,Eastern Ridges,Low-Mid-Dry,-2.0750818,30.50343782,1494.87,Hills,Shoulder,medium,red_less,no_rocks,deep,4,Male,25,130
45496105-4777-4bb5-b1d7-54f9e4f7e2c2,21A,Ngoma,Ndekwe,Eastern Ridges,Low-Mid-Dry,-2.076980471,30.5108317,1491.42,Radical_terraces,Flat,medium,red_less,less_rocky,shallow,1,Male,8,15
dc347ce0-fe83-4c4e-90ee-47e3005699e9,21A,Ngoma,Ndekwe,Eastern Ridges,Low-Mid-Dry,-2.073305784,30.50300805,1502.35,Radical_terraces,Flat,medium,red_less,less_rocky,shallow,1,Female,2,25
4e195dd2-245e-4ac7-af83-fce75c5e8a0f,21A,Ngoma,Ndekwe,Eastern Ridges,Low-Mid-Dry,-2.065871596,30.49549491,1461.31,Hills,Backslope,medium,red_less,no_rocks,shallow,3,Male,5,70
d0bcd085-2d73-4a5b-837e-39d89c81e1b7,21A,Ngoma,Ndekwe,Eastern Ridges,Low-Mid-Dry,-2.072445927,30.51124543,1522.86,Hills,Shoulder,medium,red_less,less_rocky,shallow,4,Female,2,150
d6de3c11-9291-4fec-80b8-89f08f8ce265,21A,Ngoma,Ndekwe,Eastern Ridges,Low-Mid-Dry,-2.077659608,30.50947761,1474.86,Radical_terraces,Flat,medium,red_less,less_rocky,shallow,1,Male,25,55
b985141a-f340-41b3-96bf-94b2814e7636,21A,Ngoma,Ndekwe,Eastern Ridges,Low-Mid-Dry,-2.060969536,30.50101823,1507.61,Hills,Shoulder,medium,red_less,no_rocks,shallow,4,Male,10,40
3d205c80-725b-4cfe-8251-b39cf5afb9ef,21A,Ngoma,Ndekwe,Eastern Ridges,Low-Mid-Dry,-2.056970121,30.48490678,1365.67,Radical_terraces,Flat,medium,red_less,no_rocks,shallow,1,Male,60,50
81c0c661-893c-46ca-bc0b-25601627a38a,21A,Ngoma,Ndekwe,Eastern Ridges,Low-Mid-Dry,-2.062634227,30.48252261,1393.08,Radical_terraces,Flat,medium,black_less,less_rocky,shallow,1,Male,5,100
eece4b14-c68f-41ce-a4f7-b8c6d3e3965e,21A,Ngoma,Ndekwe,Eastern Ridges,Low-Mid-Dry,-2.074883342,30.50995588,1507.78,Hills,Shoulder,medium,red_less,no_rocks,shallow,6,Male,25,40
3ad74e02-4e82-4c32-a898-7a4438c1573d,21A,Ngoma,Ndekwe,Eastern Ridges,Low-Mid-Dry,-2.073042949,30.5008541,1464.86,Radical_terraces,Flat,medium,red_less,less_rocky,shallow,1,Male,15,100
02a456dc-95f9-4e68-8187-f67031bcb563,21A,Ngoma,Ndekwe,Eastern Ridges,Low-Mid-Dry,-2.073889036,30.49191018,1365.21,Hills,Footslope,less_than_medium,red_less,less_rocky,shallow,5,Female,30,90
d389faba-9203-4d79-9880-d4d43461a29c,21A,Ngoma,Ndekwe,Eastern Ridges,Low-Mid-Dry,-2.079301647,30.4974905,1372.65,Radical_terraces,Flat,medium,red_less,no_rocks,shallow,1,Male,35,100
c3695bce-45f7-4df9-910d-8b1480c4027a,21A,Ngoma,Ndekwe,Eastern Ridges,Low-Mid-Dry,-2.062952782,30.48815346,1441.42,Hills,Shoulder,medium,red_less,no_rocks,shallow,4,Male,30,150
797224dd-73a1-4bba-8228-d8f87fb9a91b,21A,Kayonza,Rukara,Eastern Ridges,Low-Mid-Dry,-1.835089245,30.46519559,1478.32,Hills,Footslope,medium,red_less,no_rocks,deep,2,Female,3,100
90296410-375f-41b0-924b-0f59c6b88b20,21A,Kayonza,Rukara,Eastern Ridges,Low-Mid-Dry,-1.835107862,30.46523425,1480.16,Hills,Shoulder,medium,red_less,no_rocks,deep,2,Male,10,100
6e947663-ab7f-45e0-9026-409a0ee08515,21A,Kayonza,Rukara,Eastern Ridges,Low-Mid-Dry,-1.835129382,30.4652482,1472.34,Hills,Shoulder,medium,red_less,no_rocks,deep,2,Female,3,20
61d746c1-0db7-455d-8fcb-ca9276a642db,21A,Kayonza,Rukara,Eastern Ridges,Low-Mid-Dry,-1.83509932,30.46524496,1462.73,Hills,Shoulder,medium,red_less,no_rocks,deep,2,Male,10,100
a04caf43-b53e-4c1c-9318-7a00411854ec,21A,Kayonza,Rukara,Eastern Ridges,Low-Mid-Dry,-1.835133536,30.46528401,1472.27,Hills,Shoulder,medium,red_less,no_rocks,deep,1,Male,1,50
d548245b-e443-4a59-886f-b82e7cebd671,21A,Kayonza,Rukara,Eastern Ridges,Low-Mid-Dry,-1.835100974,30.4652411,1473.89,Hills,Backslope,medium,red_less,no_rocks,deep,3,Female,5,50
7580f52e-1240-4ece-9834-53bdef2e06e2,21A,Kayonza,Rukara,Eastern Ridges,Low-Mid-Dry,-1.835125569,30.46518988,1491.06,Hills,Shoulder,medium,red_less,no_rocks,deep,3,Female,5,50
b5b54ae1-b841-44b3-9ff6-efe1efff61a6,21A,Kayonza,Rukara,Eastern Ridges,Low-Mid-Dry,-1.835167482,30.46523592,1497.3,Hills,Backslope,medium,red_less,no_rocks,deep,2,Male,1,30
b9352ec0-19ad-4761-a8d8-7ec859737f84,21A,Kayonza,Rukara,Eastern Ridges,Low-Mid-Dry,-1.835128111,30.46517567,1492.64,Hills,Backslope,medium,red_less,no_rocks,deep,2,Female,3,100
f0e14959-f898-4490-baeb-e68f5f4dd139,21A,Kayonza,Rukara,Eastern Ridges,Low-Mid-Dry,-1.835143867,30.46530624,1478.38,Hills,Backslope,medium,red_less,no_rocks,deep,3,Female,5,120
c0c7d10a-1a47-4328-959b-616ccc264a9d,21A,Kayonza,Rukara,Eastern Ridges,Low-Mid-Dry,-1.835056633,30.46529436,1465.85,Hills,Backslope,medium,black_less,no_rocks,deep,3,Female,15,50
b07f5cc1-f0bf-4244-88bd-f5e4812d21ff,21A,Kayonza,Rukara,Eastern Ridges,Low-Mid-Dry,-1.831303035,30.46500805,1526.31,Hills,Backslope,medium,red_less,less_rocky,deep,2,Male,5,120
ff120793-f8d1-42dd-a0ba-d577cfd102e9,21A,Kayonza,Rukara,Eastern Ridges,Low-Mid-Dry,-1.830575288,30.46725862,0.26,Hills,Backslope,medium,red_less,no_rocks,deep,4,Female,15,20
3b981319-164b-4c3d-b942-af1de3700691,21A,Kayonza,Rukara,Eastern Ridges,Low-Mid-Dry,-1.831309656,30.46504796,1522.73,Hills,Backslope,medium,red_less,no_rocks,deep,3,Female,3,120
04964b51-dbf6-4685-a928-cbbeabb249c9,21A,Kayonza,Rukara,Eastern Ridges,Low-Mid-Dry,-1.831318197,30.46506302,1526.44,Hills,Backslope,medium,red_less,no_rocks,deep,1,Male,3,50
dad51109dadf4856823ab8dfd1a2b690,22A,Rwamagana,Akanzu,Eastern Ridges,Low-Mid-Dry,-2.021071808,30.33470688,1638.04,Hills,Backslope,medium,red_less,no_rocks,shallow,3,Male,,20
3fb2973b98e84b7791dc68b51c7536d3,22A,Rwamagana,Akanzu,Eastern Ridges,Low-Mid-Dry,-2.021165621,30.33481651,1622.55,Hills,Backslope,medium,red_more,less_rocky,shallow,4,Male,,19
e1abcae41c014c6abe4dd8172594de62,22A,Rwamagana,Akanzu,Eastern Ridges,Low-Mid-Dry,-2.020386306,30.33825798,1610.46,Hills,Backslope,medium,red_less,no_rocks,deep,3,Male,,18
7784a578928e49d6aa924934a610b976,22A,Rwamagana,Akanzu,Eastern Ridges,Low-Mid-Dry,-2.020589407,30.33758301,1620.42,Hills,Backslope,medium,red_less,no_rocks,deep,3,Female,,26
3da78bcd7187499294e6e05e2784f349,22A,Rwamagana,Akanzu,Eastern Ridges,Low-Mid-Dry,-2.024174378,30.33448713,1658.39,Hills,Backslope,medium,red_less,no_rocks,deep,4,Female,,34
8e8f45ea283f4d568d9b5d7f93e7d79b,22A,Rwamagana,Akanzu,Eastern Ridges,Low-Mid-Dry,-2.023605377,30.33366723,1655.79,Hills,Backslope,medium,black_less,no_rocks,deep,4,Female,,40
d1eaa941fbcc41f0a703e554f52d5b2f,22A,Rwamagana,Akanzu,Eastern Ridges,Low-Mid-Dry,-2.020714261,30.33488832,1622.61,Hills,Backslope,medium,red_less,no_rocks,deep,3,Male,,162
c1eb7cb3dbea440da245a29d8d695953,22A,Rwamagana,Akanzu,Eastern Ridges,Low-Mid-Dry,-2.02541744,30.33859475,1647.93,Hills,Backslope,medium,black_less,no_rocks,deep,4,Female,,30
c1a74eb21c0c489c82e2518bcc958cbb,22A,Rwamagana,Akanzu,Eastern Ridges,Low-Mid-Dry,-2.02656089,30.33631936,1637.82,Hills,Backslope,medium,red_less,no_rocks,deep,5,Male,,18
e64f2db6c79843278dd43eb12cd90819,22A,Rwamagana,Akanzu,Eastern Ridges,Low-Mid-Dry,-2.023656425,30.33370736,1657.73,Hills,Backslope,medium,red_less,no_rocks,deep,3,Female,,20
bbdc5653ce6e4c52aed7d5a56bfe32ae,22A,Rwamagana,Akanzu,Eastern Ridges,Low-Mid-Dry,-2.021550771,30.33476268,1627.54,Hills,Backslope,medium,black_less,no_rocks,deep,3,Male,,160
dfc96da80fe04665b9149b4e8b19e81a,22A,Rwamagana,Akanzu,Eastern Ridges,Low-Mid-Dry,-2.024447622,30.34041225,1638.41,Hills,Backslope,medium,black_less,less_rocky,shallow,4,Male,,40
12c9a141f14e4800ac34129fd234c86d,22A,Ngoma,Ndekwe,Eastern Ridges,Low-Mid-Dry,-2.076810094,30.49788793,1396.66,Hills,Backslope,medium,red_less,no_rocks,shallow,6,Male,,70
c743468566db414f8a41b097468962e6,22A,Ngoma,Ndekwe,Eastern Ridges,Low-Mid-Dry,-2.076980471,30.5108317,1491.42,Radical_terraces,Flat,medium,red_less,less_rocky,shallow,1,Male,,80
6d84a7189ce742b5801e586d0e7bf877,22A,Ngoma,Ndekwe,Eastern Ridges,Low-Mid-Dry,-2.073305784,30.50300805,1502.35,Radical_terraces,Flat,medium,red_less,less_rocky,shallow,1,Female,,25
116a558c6e004d58851afba371bbdc97,22A,Ngoma,Ndekwe,Eastern Ridges,Low-Mid-Dry,-2.065871596,30.49549491,1461.31,Hills,Backslope,medium,red_less,no_rocks,shallow,3,Male,,70
92f891271f194fbdb493a0ffaf63105d,22A,Ngoma,Ndekwe,Eastern Ridges,Low-Mid-Dry,-2.072445927,30.51124543,1522.86,Hills,Shoulder,medium,red_less,less_rocky,shallow,4,Female,,100
f96bbd639ee946d3aa3a14f9677d5aba,22A,Ngoma,Ndekwe,Eastern Ridges,Low-Mid-Dry,-2.077659608,30.50947761,1474.86,Radical_terraces,Flat,medium,red_less,less_rocky,shallow,1,Male,,95
6fbb4ee3ed784c71bbe92b168db46b1b,22A,Ngoma,Ndekwe,Eastern Ridges,Low-Mid-Dry,-2.060969536,30.50101823,1507.61,Hills,Shoulder,medium,red_less,no_rocks,shallow,4,Male,,50
ce2051bc40184211b04f277cf9bb6bab,22A,Ngoma,Ndekwe,Eastern Ridges,Low-Mid-Dry,-2.056970121,30.48490678,1365.67,Radical_terraces,Flat,medium,red_less,no_rocks,shallow,1,Male,,50
e57f39e9790e49ac967b927bf4b959fc,22A,Ngoma,Ndekwe,Eastern Ridges,Low-Mid-Dry,-2.062634227,30.48252261,1393.08,Radical_terraces,Flat,medium,black_less,less_rocky,shallow,1,Male,,100
97e83a0ead3f41a3b2c40160250511db,22A,Ngoma,Ndekwe,Eastern Ridges,Low-Mid-Dry,-2.074883342,30.50995588,1507.78,Hills,Shoulder,medium,red_less,no_rocks,shallow,6,Male,,55
f23fc44ba579426eb59366f2d79559be,22A,Ngoma,Ndekwe,Eastern Ridges,Low-Mid-Dry,-2.073042949,30.5008541,1464.86,Radical_terraces,Flat,medium,red_less,less_rocky,shallow,1,Male,,135
e6e4ceb0877d43eabd5a33ca1b8473aa,22A,Ngoma,Ndekwe,Eastern Ridges,Low-Mid-Dry,-2.073889036,30.49191018,1365.21,Hills,Footslope,medium,red_less,less_rocky,shallow,5,Female,,90
99e6109cad47454baf50fe191a9bc593,22A,Ngoma,Ndekwe,Eastern Ridges,Low-Mid-Dry,-2.079301647,30.4974905,1372.65,Radical_terraces,Flat,medium,red_less,no_rocks,shallow,1,Male,,140
1cd82fd367f84a52a04360c6a327415f,22A,Ngoma,Ndekwe,Eastern Ridges,Low-Mid-Dry,-2.062952782,30.48815346,1441.42,Hills,Shoulder,medium,red_less,no_rocks,shallow,4,Male,,100
d66d6d654c9d451d87d0a601d10cfb98,22A,Kayonza,Rukara,Eastern Ridges,Low-Mid-Dry,-1.835089245,30.46519559,1478.32,Hills,Footslope,medium,red_less,no_rocks,deep,2,Female,,100
8e2d89ebf22c452b8b39b02b9281d535,22A,Kayonza,Rukara,Eastern Ridges,Low-Mid-Dry,-1.835107862,30.46523425,1480.16,Hills,Shoulder,medium,red_less,no_rocks,deep,2,Male,,100
0f04941c4e114219acacd9546b074db9,22A,Kayonza,Rukara,Eastern Ridges,Low-Mid-Dry,-1.835129382,30.4652482,1472.34,Hills,Shoulder,medium,red_less,no_rocks,deep,2,Female,,30
131b77ea39a04f71beef48b07dd70b71,22A,Kayonza,Rukara,Eastern Ridges,Low-Mid-Dry,-1.83509932,30.46524496,1462.73,Hills,Shoulder,medium,red_less,no_rocks,deep,2,Female,,100
545eb9bff0244eaf96a07bd32d751616,22A,Kayonza,Rukara,Eastern Ridges,Low-Mid-Dry,-1.835133536,30.46528401,1472.27,Hills,Shoulder,medium,red_less,no_rocks,deep,1,Male,,60
5ed67b576b584276b9fae3bde7ccb663,22A,Kayonza,Rukara,Eastern Ridges,Low-Mid-Dry,-1.835100974,30.4652411,1473.89,Hills,Backslope,medium,red_less,no_rocks,deep,3,Female,,70
d5de89916bd940b09003afa6e3f10ed4,22A,Kayonza,Rukara,Eastern Ridges,Low-Mid-Dry,-1.835125569,30.46518988,1491.06,Hills,Shoulder,medium,red_less,no_rocks,deep,3,Female,,70
18a21bda63bf426cb73c9d87a59859ea,22A,Kayonza,Rukara,Eastern Ridges,Low-Mid-Dry,-1.835167482,30.46523592,1497.3,Hills,Backslope,medium,red_less,no_rocks,deep,2,Male,,30
7305e14c50084f65a72d7105d9f63a6c,22A,Kayonza,Rukara,Eastern Ridges,Low-Mid-Dry,-1.835128111,30.46517567,1492.64,Hills,Backslope,medium,red_less,no_rocks,deep,2,Female,,140
ca222dd7d0bb47a68cee3156877932c1,22A,Kayonza,Rukara,Eastern Ridges,Low-Mid-Dry,-1.835143867,30.46530624,1478.38,Hills,Backslope,medium,red_less,no_rocks,deep,3,Female,,120
da8b84ff2b7a461e825d69f4a7a18444,22A,Kayonza,Rukara,Eastern Ridges,Low-Mid-Dry,-1.835056633,30.46529436,1465.85,Hills,Backslope,medium,black_less,no_rocks,deep,3,Female,,90
2e3fa23d95344d93b868e98605430d8d,22A,Kayonza,Rukara,Eastern Ridges,Low-Mid-Dry,-1.831303035,30.46500805,1526.31,Hills,Backslope,medium,red_less,less_rocky,deep,2,Male,,200
62ad395b933948538106fee1ee11924c,22A,Kayonza,Rukara,Eastern Ridges,Low-Mid-Dry,-1.830575288,30.46725862,0.26,Hills,Backslope,medium,red_less,no_rocks,deep,4,Female,,20
372995c5aa9b4c4294e70e1df38f4cb2,22A,Kayonza,Rukara,Eastern Ridges,Low-Mid-Dry,-1.831318197,30.46506302,1526.44,Hills,Backslope,medium,red_less,no_rocks,deep,1,Male,,60
d84a28c9-dba1-4999-ac60-a4771c9d450a,22A,Burera,Gacundura,Buberuka highlands,Highlands,-1.507309,29.8624616,2041.8,Hills,,medium,red_less,,,5,Male,,17.5
703037c0-b26b-4211-82de-5c0cdd41624e,22A,Burera,Gacundura,Buberuka highlands,Highlands,-1.4986108,29.8480728,2024,Hills,,medium,red_less,,,11,Female,,7.5
8330dae5-352b-4729-9dc9-3a21c6596b20,22A,Burera,Gacundura,Buberuka highlands,Highlands,-1.5042317,29.863223,2064.19,Hills,,high,red_less,,,21,Male,,13
5aca2281-f735-4cfe-be6f-14279b948ae6,22A,Burera,Gacundura,Buberuka highlands,Highlands,-1.4895817,29.8454574,2052.3,Hills,,medium,red_less,,,22,Female,,7.5
bc676540-ccb4-4ac8-a487-a3356f73d9b5,22A,Burera,Gacundura,Buberuka highlands,Highlands,-1.4918448,29.8436591,2021.3,Hills,,medium,red_less,,,12,Male,,7.5
ddbbfb71-ce87-4f86-8f11-9aba5a50716c,22A,Burera,Gacundura,Buberuka highlands,Highlands,-1.5070291,29.8590002,2168.3,Hills,,medium,red_less,,,12,Male,,10
603d469b-e3b9-4ece-85cd-fb89112ef1f3,22A,Burera,Gacundura,Buberuka highlands,Highlands,-1.49293,29.8438708,2039.3,Hills,,medium,red_less,,,22,Male,,7.5
c7915007-9dcc-4aa1-ae7f-488e9452d57f,22A,Burera,Gacundura,Buberuka highlands,Highlands,-1.4974153,29.8425414,2127.8,Hills,,medium,red_less,,,19,Female,,6
d6154f20-6d74-4a0f-81e6-a388b80bc696,22A,Burera,Gacundura,Buberuka highlands,Highlands,-1.5037109,29.8569188,2155.5,Hills,,medium,black_less,,,8,Female,,30
1bffe607-8007-41c4-8e5e-3ed8cf4283e6,22A,Burera,Gacundura,Buberuka highlands,Highlands,-1.5124909,29.861799,2085,Hills,,medium,red_less,,,15,Male,,7.5
fb0e60cb-5034-4d27-964e-69141e5735ff,22A,Burera,Gacundura,Buberuka highlands,Highlands,-1.5034511,29.8610534,2052.69,Hills,,medium,red_more,,,22,Female,,2.5
f9d239cb-e69a-4d78-b039-a79dfb6fde2c,22A,Burera,Gacundura,Buberuka highlands,Highlands,-1.512722,29.8617476,2077.3,Hills,,medium,red_less,,,24,Female,,7.5
da075a27-015b-4f37-b04d-976157085793,22A,Burera,Gacundura,Buberuka highlands,Highlands,-1.4801455,29.8448225,2294.8,Hills,,medium,red_less,,,23,Male,,15
77adcd06-570d-4eda-896b-59ed89f1a8c2,22A,Burera,Runoga,Buberuka highlands,Highlands,-1.5152846,29.8058738,1988.87,Hills,,medium,red_less,,,20,Male,,14
8e4e19d6-513b-4c04-9e54-24cc6c8ca9bc,22A,Burera,Runoga,Buberuka highlands,Highlands,-1.5117909,29.7899081,2050.75,Hills,,high,black_more,,,20,Male,,30
dcdf4b4e-305c-4884-b11b-29c7e058bf41,22A,Burera,Runoga,Buberuka highlands,Highlands,-1.5079252,29.7993942,2190.24,Hills,,medium,red_less,,,20,Female,,25
4bf038c2-7470-49a9-8501-e9720a1b516c,22A,Burera,Runoga,Buberuka highlands,Highlands,-1.5067541,29.8009845,2150.82,Hills,,high,brown,,,20,Female,,25
c8490c86-2486-4a08-a3a2-0f3a2cbb637f,22A,Burera,Runoga,Buberuka highlands,Highlands,-1.5052699,29.793748,2193.66,Hills,,medium,black_less,,,25,Male,,6
b4cdd7cb-77da-4a27-9861-5d857cbdae00,22A,Burera,Runoga,Buberuka highlands,Highlands,-1.51749,29.7958035,2037.08,Hills,,medium,red_less,,,20,Female,,15.5
cf6d6b31-ddac-41e3-9f9d-63b38c9bb7af,22A,Burera,Runoga,Buberuka highlands,Highlands,-1.5096084,29.7993591,2148.39,Hills,,medium,red_less,,,20,Male,,19
8893b2fe-ad92-4713-9e3e-49f86a3c5ef1,22A,Burera,Runoga,Buberuka highlands,Highlands,-1.5071333,29.8007981,2095.5,Hills,,medium,red_less,,,25,Male,,100
30dc6098-ecba-4636-a184-bedfa3d3bd2c,22A,Burera,Runoga,Buberuka highlands,Highlands,-1.5157186,29.8083328,1957.96,Hills,,medium,yellowish,,,25,Female,,60
729ccabb-1cba-4957-ba36-0b8029f8ce07,22A,Burera,Runoga,Buberuka highlands,Highlands,-1.51845,29.7963071,2099.09,Hills,,medium,red_less,,,20,Female,,15
80d4c86a-d585-42ec-a1ea-474d5260f952,22B,Burera,Gacundura,Buberuka highlands,Highlands,-1.4751209,29.8397605,2168.8,Hills,,medium,black_less,,,16,Male,,10
a47d81b7-3632-4ef0-8918-18300c2964c6,22B,Burera,Gacundura,Buberuka highlands,Highlands,-1.4751469,29.8397875,2161.1,Hills,,medium,grey,,,10,Female,,14
9b1f5a21-5852-453f-96fc-55561b364c7c,22B,Burera,Gacundura,Buberuka highlands,Highlands,-1.4766023,29.841047,2167.8,Hills,,medium,grey,,,23,Female,,5
2e0b0d8c-a770-4f74-bda0-6577a60494d1,22B,Burera,Gacundura,Buberuka highlands,Highlands,-1.4693438,29.8391419,2128.8,Hills,,less_than_medium,grey,,,17,Male,,10
4704b77a-10a2-4fd3-be98-51c70e99b4f9,22B,Burera,Gacundura,Buberuka highlands,Highlands,-1.4705997,29.836796,2123.69,Hills,,high,red_less,,,23,Male,,6.5
d1a6f46a-1d48-4092-80b9-5ac796d02a55,22B,Burera,Gacundura,Buberuka highlands,Highlands,-1.4684967,29.8387294,2148.69,Hills,,medium,grey,,,24,Male,,10
4e835fde-e06d-40a3-8b8a-78fc24c11a22,22B,Burera,Gacundura,Buberuka highlands,Highlands,-1.5086214,29.8347272,2153.1,Hills,,medium,red_less,,,20,Male,,50
a9f85cbe-86a3-4741-8df8-fe76fda265c1,22B,Burera,Gacundura,Buberuka highlands,Highlands,-1.5145496,29.8343615,2102.6,Hills,,medium,red_less,,,19,Male,,15.5
19cd3ee6-5a4f-4481-85a4-2c406f075996,22B,Burera,Gacundura,Buberuka highlands,Highlands,-1.510697,29.8339748,2072,Hills,,medium,red_more,,,23,Male,,7.5
c2b6c381-dc29-40ac-862c-10e7184385ad,22B,Burera,Gacundura,Buberuka highlands,Highlands,-1.5173295,29.8285594,2003.69,Hills,,medium,red_less,,,22,Male,,10
9128a71d-d608-4e88-9de0-c1fb42696a86,22B,Burera,Runoga,Buberuka highlands,Highlands,-1.5127667,29.8001123,2156.05,Hills,,medium,brown,,,20,Male,,40
6adaddae-f0f0-4ff0-97a7-4aa176996cb8,22B,Burera,Runoga,Buberuka highlands,Highlands,-1.508546,29.7978977,2206.6,Hills,,medium,brown,,,20,Male,,10
c45ec7d6-eda2-4c00-9de6-6bca3d81accd,22B,Burera,Runoga,Buberuka highlands,Highlands,-1.5125854,29.7997063,2144.52,Hills,,medium,black_less,,,22,Female,,20
47ce0595-cb7f-4439-ac98-a4f710346ed7,22B,Burera,Runoga,Buberuka highlands,Highlands,-1.5091822,29.7969635,2194.99,Hills,,medium,brown,,,25,Female,,7.5
d6d8a4c2-21e6-44ed-b17f-a2f0758f7ea8,22B,Burera,Runoga,Buberuka highlands,Highlands,-1.5160043,29.8053454,1987.95,Hills,,medium,brown,,,22,Female,,8
0eff01c0-d655-48e7-b269-e6b55e206b67,22B,Burera,Runoga,Buberuka highlands,Highlands,-1.5150969,29.8061333,1988.76,Hills,,medium,red_less,,,25,Male,,11
d43b685e-8409-4322-9d39-5879e2c0e98f,22B,Burera,Runoga,Buberuka highlands,Highlands,-1.5158686,29.8035022,2009.13,Hills,,high,black_less,,,25,Female,,15
735b24a6-0481-435d-8511-d0259a779def,22B,Burera,Runoga,Buberuka highlands,Highlands,-1.5065857,29.7985544,2192.48,Hills,,medium,brown,,,22,Male,,60
5a197787-54a4-4090-bf74-7d9be15d57a2,22B,Burera,Runoga,Buberuka highlands,Highlands,-1.5117001,29.8003618,2200.31,Hills,,medium,brown,,,25,Female,,8
bd214e6c-6026-467f-b190-b3a1c6a8fdd6,22B,Burera,Runoga,Buberuka highlands,Highlands,-1.5066031,29.7978526,2203.86,Hills,,high,brown,,,25,Male,,40
105c2fc6-bb0d-49fa-ad18-0fa9f9b157e7,22A,Gakenke,Gataba,Buberuka highlands,Transitional,-1.6155998,29.6472992,1828.52,Hills,,medium,red_less,,,15,Male,,50
67764487-2cb6-4bf4-a205-777fff2f277a,22A,Gakenke,Gataba,Buberuka highlands,Transitional,-1.6351236,29.6326912,1451.18,Hills,,medium,black_less,,,15,Male,,80
6fe53429-9dca-4e83-914e-db52e92d6485,22A,Gakenke,Gataba,Buberuka highlands,Transitional,-1.6351466,29.6327468,1481.72,Hills,,medium,red_less,,,20,Male,,70
bcbcbcaa-6e6c-40c9-b411-75d70465e4fc,22A,Gakenke,Gataba,Buberuka highlands,Transitional,-1.6198144,29.6481385,1748.95,Hills,,medium,red_less,,,15,Male,,40
37573f19-3f9f-4125-af13-f9264ebba27c,22A,Gakenke,Gataba,Buberuka highlands,Transitional,-1.6199023,29.6482041,1752.68,Hills,,medium,brown,,,15,Male,,60
541aff9a-15dc-4e24-9fe5-f15966cd6bb1,22A,Burera,Karangara,Volcanic cones,Highlands,-1.4321457,29.7226102,2022.06,Valley,,medium,black_less,,,3,Female,,30
e4910403-e13f-4781-a5a5-525af6e6745f,22A,Burera,Karangara,Volcanic cones,Highlands,-1.429856,29.7235356,2027.86,Valley,,medium,black_less,,,5,Male,,62
f0a481a3-ede3-4cab-bcec-5f4061a60677,22A,Burera,Karangara,Volcanic cones,Highlands,-1.4317344,29.7309257,1945.12,Valley,,medium,black_less,,,12,Female,,24
04c3601b-be42-4bff-942c-bbab94f9e1da,22A,Burera,Karangara,Volcanic cones,Highlands,-1.4366998,29.7358137,1981.45,Valley,,medium,black_less,,,5,Female,,28
4911c8f3-c203-4b26-a506-4ad38a82d0ed,22A,Burera,Karangara,Volcanic cones,Highlands,-1.4332083,29.7334383,1956.31,Valley,,medium,black_less,,,3,Male,,14
a1760bd8-e3ec-45c8-b028-3a5d0b9c22dd,22A,Burera,Karangara,Volcanic cones,Highlands,-1.4405643,29.7370944,2008.95,Hills,,medium,black_less,,,12,Female,,20
516aea7d-9a4f-4a9d-a173-20fe98fe8fe3,22A,Burera,Karangara,Volcanic cones,Highlands,-1.4433117,29.7344338,1928.96,Valley,,medium,black_less,,,3,Male,,100
8986590e-f055-4e33-b03f-129cbd993c73,22A,Burera,Karangara,Volcanic cones,Highlands,-1.4437992,29.734714,1924.25,Valley,,medium,black_less,,,3,Male,,70
f4f75a25-af6d-4c3a-8b29-b6233760557c,22A,Burera,Karangara,Volcanic cones,Highlands,-1.4377625,29.7327865,1968.23,Valley,,medium,black_less,,,5,Male,,80
1a050098-a662-4110-a924-60ce62f9d1d0,22A,Burera,Karangara,Volcanic cones,Highlands,-1.4330196,29.7349309,1984.17,Valley,,medium,black_less,,,6,Female,,18
48d55376-3ae6-4ed8-9c27-29c5b56ad8fd,22A,Nyabihu,Rega,Volcanic cones,Highlands,-1.6016867,29.4578648,2554.58,Valley,,high,black_less,,,4,Female,,8
b7844f39-62fa-4a98-8f18-810e7f056e26,22A,Nyabihu,Rega,Volcanic cones,Highlands,-1.6008428,29.4580714,2552.67,Valley,,medium,black_less,,,5,Female,,8
d98706c8-d660-4897-937c-27398258daa3,22A,Nyabihu,Rega,Volcanic cones,Highlands,-1.5964055,29.4592412,2588.75,Valley,,medium,red_less,,,5,Male,,15
171e6599-ed7f-44a0-b531-06299ffd2ff7,22A,Nyabihu,Rega,Volcanic cones,Highlands,-1.6022424,29.4576842,2568.11,Valley,,high,black_less,,,6,Female,,50
dcebfbd7-0982-4a0f-8e94-ebd11c2bf1a4,22B,Gakenke,Gataba,Buberuka highlands,Transitional,-1.6130393,29.6493295,1856.42,Hills,,high,red_less,,,10,Male,,50
871162a3-e357-4ef0-8f72-7d4ecc104800,22B,Gakenke,Gataba,Buberuka highlands,Transitional,-1.6150972,29.6528094,1778.64,Hills,,medium,red_less,,,15,Male,,75
fe36931b-2707-4cdf-8ce9-381301cb1deb,22B,Gakenke,Gataba,Buberuka highlands,Transitional,-1.6145543,29.64974,1823.52,Hills,,medium,red_less,,,15,Male,,35
8dd1c68f-5fd0-4e43-8fa2-2e71ea3f4bde,22B,Gakenke,Gataba,Buberuka highlands,Transitional,-1.6135304,29.6453326,1864.14,Hills,,high,black_less,,,25,Female,,35
09af63c9-2ce1-4ed7-be5b-1d5e85e7be55,22B,Gakenke,Gataba,Buberuka highlands,Transitional,-1.6129376,29.6452293,1865.63,Hills,,medium,red_less,,,20,Male,,20
1c1da627-3c18-4b38-aa21-3f58fe04b008,22B,Burera,Karangara,Volcanic cones,Highlands,-1.4331818,29.7283277,1960.66,Valley,,medium,grey,,,4,Male,,20
bf3c8b6a-8e80-4c74-a42a-8a683a4781e0,22B,Burera,Karangara,Volcanic cones,Highlands,-1.435701,29.7294265,1952.1,Valley,,medium,black_less,,,4,Female,,100
ea9c2b5c-6d30-4915-b913-492fed758811,22B,Burera,Karangara,Volcanic cones,Highlands,-1.4352241,29.7315463,1980.1,Valley,,medium,black_less,,,4,Female,,100
9c8052e3-cfd4-4ed4-9c30-ab77e29b7f40,22B,Burera,Karangara,Volcanic cones,Highlands,-1.4337954,29.7333803,1958.95,Valley,,medium,black_less,,,4,Female,,80
905956f4-da57-4079-8858-d682bdeb6978,22B,Burera,Karangara,Volcanic cones,Highlands,-1.4351906,29.7307009,1974.59,Valley,,medium,brown,,,4,Male,,20
da38289e-118a-42f5-8a9f-1f26c942d183,22B,Burera,Karangara,Volcanic cones,Highlands,-1.4398055,29.7372573,2031.65,Hills,,medium,yellowish,,,10,Female,,50
ad759faf-824b-4788-8585-63f808f513e0,22B,Burera,Nkumba,Volcanic cones,Transitional,-1.467269,29.721944,1802.27,Valley,,medium,red_less,,,4,Male,,80
45075a0a-e021-498d-8e57-c23955364ea3,22B,Burera,Nkumba,Volcanic cones,Transitional,-1.4682104,29.7226776,1809.26,Valley,,medium,yellowish,,,4,Male,,15
c36ed18c-37fc-429b-9e54-0ed7e2d58f81,22B,Burera,Nkumba,Volcanic cones,Transitional,-1.4677278,29.716737,1816.69,Valley,,medium,yellowish,,,6,Male,,240
6873a306-44b8-430c-aeda-a411398c9452,22B,Burera,Nkumba,Volcanic cones,Transitional,-1.4684681,29.7227163,1814.21,Valley,,medium,brown,,,5,Female,,20
66e0a8ac-e923-42d9-ac9e-76ba74a65c4d,22B,Rubavu,Rwanyakayaga,Volcanic cones,Highlands,-1.5755678,29.3762429,2360.62,Hills,,medium,black_less,,,5,Female,,12
17fd266f-0573-469f-809c-774007ebb3c8,22B,Rubavu,Rwanyakayaga,Volcanic cones,Highlands,-1.575578,29.3762384,2342.74,Valley,,high,black_more,,,12,Male,,7
ba494986-259a-4f4a-b8dc-2dcc31aff3ca,22B,Rubavu,Rwanyakayaga,Volcanic cones,Highlands,-1.5798832,29.3702927,2322.85,Hills,,medium,black_less,,,15,Male,,98
8fca63cd-6577-426d-bd68-0599eb1e67fb,22B,Rubavu,Rwanyakayaga,Volcanic cones,Highlands,-1.4831391,29.5710618,2135.2,Hills,,medium,black_less,,,8,Male,,60
2794b81a-2352-44c6-97ca-c208c6d988d5,22B,Rubavu,Rwanyakayaga,Volcanic cones,Highlands,-1.4831548,29.5710627,2125.36,Hills,,high,black_less,,,6,Female,,20
49dc4c5b-cbe5-4489-8e7f-3adbefe73611,22B,Rubavu,Rwanyakayaga,Volcanic cones,Highlands,-1.5796086,29.3702146,2282.76,Hills,,high,black_less,,,8,Male,,7.5
605f3a31-1a33-4c4c-9cd9-a0966c37ae60,22B,Rubavu,Rwanyakayaga,Volcanic cones,Highlands,-1.4831477,29.5710599,2139.17,Hills,,medium,black_less,,,6,Male,,100
5db4b3aa-11cc-491b-ac4f-fd32da261814,22B,Rubavu,Rwanyakayaga,Volcanic cones,Highlands,-1.579712,29.3707324,2307.06,Valley,,high,black_less,,,6,Female,,104
6f0babf5-5b5d-44d2-8fe8-ff5e86783519,22B,Rubavu,Rwanyakayaga,Volcanic cones,Highlands,-1.5772391,29.3719457,2318.86,Valley,,medium,black_less,,,8,Male,,27
eda53b61-6f9a-4e6b-bf68-9339204730be,21A,Nyamagabe,Kaganza,Congo Nile,Highlands,-2.490265303,29.48273572,2098.75,Valley,Valley,medium,black_less,no_rocks,shallow,16,Female,5,46
b49863fe-d4ec-46e1-b3dc-ba03621d25a2,21A,Nyamagabe,Kaganza,Congo Nile,Highlands,-2.498426006,29.49371397,2133.92,Hills,Backslope,medium,black_less,no_rocks,deep,8,Female,5,26
233e0559-2e56-48ae-8f2f-33817175c849,21A,Nyamagabe,Kaganza,Congo Nile,Highlands,-2.498399108,29.4936962,2137.15,Hills,Summit,medium,red_less,no_rocks,shallow,6,Female,1,20
c2b3f4bf-6565-48b1-bc32-0e8b1d44d547,21A,Nyamagabe,Kaganza,Congo Nile,Highlands,-2.49463239,29.49575395,2104.71,Hills,Shoulder,medium,red_less,no_rocks,deep,15,Male,2,52
2cca6b08-9fa5-4e10-9287-9f96aeb84ae8,21A,Nyamagabe,Kaganza,Congo Nile,Highlands,-2.4939024,29.4987537,2098.37,Hills,Summit,medium,red_less,no_rocks,deep,14,Male,1,12
8f7e9a53-b373-48ce-a1c0-2c1afb99d3f0,21A,Nyamagabe,Kaganza,Congo Nile,Highlands,-2.49395061,29.49986319,2089.76,Hills,Shoulder,medium,red_less,no_rocks,deep,10,Male,2,15
8e77352d-aa29-4b5e-9bf4-d5093db23a3e,21A,Nyamagabe,Kaganza,Congo Nile,Highlands,-2.495781176,29.49906116,2070.51,Hills,Backslope,medium,red_less,no_rocks,deep,10,Female,3,30
5b270277-f7cb-4d44-9c8b-e1d57ce357b5,21A,Nyamagabe,Kaganza,Congo Nile,Highlands,-2.494336394,29.49980976,2088.71,Hills,Backslope,medium,black_less,no_rocks,deep,18,Female,1,10
2dd3a27e-bf8d-40cd-bf4f-8f25cb0a9807,21A,Nyamagabe,Kaganza,Congo Nile,Highlands,-2.498611807,29.49290312,2143.67,Hills,Summit,medium,red_more,no_rocks,shallow,12,Male,1,15
497c8282-834f-4af9-ac81-6d4de1022f21,21A,Nyamagabe,Kaganza,Congo Nile,Transitional,-2.495237776,29.49379775,1753.84,Hills,Backslope,medium,red_less,no_rocks,deep,20,Female,2,5
59a3928f15524200b3479d8ce3294604,22A,Nyamagabe,Kaganza,Congo Nile,Highlands,-2.490265303,29.48273572,2098.75,Valley,Flat,medium,black_less,no_rocks,shallow,16,Female,,46
774787ce6cfc46cbbf488a4360a78960,22A,Nyamagabe,Kaganza,Congo Nile,Highlands,-2.498426006,29.49371397,2133.92,Hills,Backslope,medium,black_less,no_rocks,deep,8,Female,,26
bff86b9a8ad4450686ade056e072469f,22A,Nyamagabe,Kaganza,Congo Nile,Highlands,-2.498399108,29.4936962,2137.15,Hills,Summit,medium,red_less,no_rocks,shallow,6,Female,,35
82287687f1fb42c3934d9eaa468f65d3,22A,Nyamagabe,Kaganza,Congo Nile,Highlands,-2.49463239,29.49575395,2104.71,Hills,Shoulder,medium,red_less,no_rocks,deep,15,Male,,20
ed2dfbe4149d4f63a017fddcd5fb8fdb,22A,Nyamagabe,Kaganza,Congo Nile,Highlands,-2.4939024,29.4987537,2098.37,Hills,Summit,medium,red_less,no_rocks,deep,14,Male,,20
43110f76183441dfa3f1e73884a3e649,22A,Nyamagabe,Kaganza,Congo Nile,Highlands,-2.49395061,29.49986319,2089.76,Hills,Shoulder,medium,red_less,no_rocks,deep,10,Male,,30
467a9ed6b4354828b891dc866493ef52,22A,Nyamagabe,Kaganza,Congo Nile,Highlands,-2.495781176,29.49906116,2070.51,Hills,Backslope,medium,red_less,no_rocks,deep,10,Female,,30
aef0c20b826e45b2b225a7ce653db641,22A,Nyamagabe,Kaganza,Congo Nile,Highlands,-2.494336394,29.49980976,2088.71,Hills,Backslope,medium,black_less,no_rocks,deep,18,Female,,10
d7ae50a14b4f4d1a9f34e5fe8c4d2c60,22A,Nyamagabe,Kaganza,Congo Nile,Highlands,-2.498611807,29.49290312,2143.67,Hills,Summit,medium,red_more,no_rocks,shallow,12,Male,,15
1d70e5513cad46ca9c633e20eb589359,22A,Nyamagabe,Kaganza,Congo Nile,Transitional,-2.495237776,29.49379775,1753.84,Hills,Backslope,medium,red_less,no_rocks,deep,20,Female,,5
bb6cada3-6168-4c02-88ec-b79711da7955,22A,Nyanza,Gati,Central Plateau,Low-Mid-Wet,-2.30923491,29.85183385,1444.71,Valley,,medium,brown,,,7,Female,,50
a4cd6404-4110-483d-8d4f-415a934e813b,22A,Nyanza,Gati,Central Plateau,Low-Mid-Wet,-2.32506132,29.84944263,1518.92,Hills,,medium,black_less,,,12,Male,,100
e2b4e738-2ec3-408c-8593-0954a3f2ec38,22A,Nyanza,Gati,Central Plateau,Low-Mid-Wet,-2.32488109,29.85556771,1568.01,Hills,,medium,black_less,,,9,Female,,50
9dacce4c-d90e-435a-a874-6b302fe777eb,22A,Nyanza,Gati,Central Plateau,Low-Mid-Wet,-2.31869139,29.84926468,1502.02,Hills,,medium,black_less,,,11,Male,,50
4b93a694-0121-448e-b98b-be465347e727,22A,Nyanza,Gati,Central Plateau,Low-Mid-Wet,-2.31002094,29.84988419,1451.11,Hills,,medium,red_less,,,11,Female,,50
9d3336c2-d053-4bf6-a02e-15b8c5f19735,22A,Nyanza,Gati,Central Plateau,Low-Mid-Wet,-2.31860686,29.85040983,1466.13,Hills,,medium,red_less,,,13,Male,,40
8368c306-4a75-4bac-bf92-140279de87d6,22A,Gisagara,Mamba,Mayaga-Bugesera,Low-Mid-Dry,-2.47326731,29.91772729,1426.21,Hills,,high,red_less,,,15,Male,,50
0449f3bc-838b-4e0c-89f3-fe9f31111b08,22A,Gisagara,Mamba,Mayaga-Bugesera,Low-Mid-Dry,-2.46304986,29.9128364,1392.09,Hills,,medium,red_less,,,15,Male,,40
4f7ed9e3-f97b-4e0b-9d9b-ffedf7b3288d,22A,Gisagara,Mamba,Mayaga-Bugesera,Low-Mid-Dry,-2.46317241,29.91300701,1383.56,Hills,,medium,red_less,,,15,Male,,47
2f7d686d-79e2-4308-9683-57f3a9a70a03,22A,Gisagara,Mamba,Mayaga-Bugesera,Low-Mid-Dry,-2.46219069,29.91274838,1386.13,Hills,,medium,red_less,,,15,Male,,105
93993900-bb73-4412-9e0c-70670fa27067,22A,Gisagara,Mamba,Mayaga-Bugesera,Low-Mid-Dry,-2.46796018,29.91436867,1408.79,Hills,,medium,red_less,,,12,Male,,50
fdfa40dc-a673-442a-9b72-e7618eca232d,22A,Gisagara,Mamba,Mayaga-Bugesera,Low-Mid-Dry,-2.46659455,29.91128486,1418.33,Hills,,medium,red_less,,,12,Male,,25
ff07ff1f-cc90-45ac-9020-bf5680503c06,22A,Gisagara,Mamba,Mayaga-Bugesera,Low-Mid-Dry,-2.48238097,29.91163379,1394.73,Hills,,high,red_less,,,15,Male,,50
ba6b6031-50c5-4202-8c17-828afa696b1a,22A,Gisagara,Mamba,Mayaga-Bugesera,Low-Mid-Dry,-2.46163013,29.91084895,1409.01,Hills,,medium,red_less,,,15,Female,,25
1fbb7093-5865-4111-89d3-3efaf4f25ad0,22A,Gisagara,Mamba,Mayaga-Bugesera,Low-Mid-Dry,-2.4618102,29.91047554,1415.43,Hills,,medium,black_less,,,15,Female,,40
517bed3a-351a-4f11-8e2c-a676abb77429,22A,Gisagara,Mamba,Mayaga-Bugesera,Low-Mid-Dry,-2.45979675,29.90974425,1392.24,Hills,,high,red_more,,,15,Male,,50
cceb65f3-0551-480d-8ada-7f5c239ec8c8,22A,Gisagara,Mbogo,Mayaga-Bugesera,Low-Mid-Dry,-2.47848735,29.90488794,1380.43,Hills,,medium,red_less,,,15,Male,,55
5bf0b49b-fce4-4240-8666-b21e901ff11a,22A,Gisagara,Mbogo,Mayaga-Bugesera,Low-Mid-Dry,-2.4807548,29.90264546,1419.18,Hills,,medium,red_more,,,15,Male,,40
9b664ee0-3304-4c2e-b71d-7e2002250527,22A,Gisagara,Mbogo,Mayaga-Bugesera,Low-Mid-Dry,-2.48062036,29.90372725,1396.8,Hills,,medium,red_less,,,15,Male,,50
6b524fca-ecd8-470f-91d1-6845aaad995e,22A,Gisagara,Mbogo,Mayaga-Bugesera,Low-Mid-Dry,-2.47680526,29.9022489,1410.82,Hills,,medium,red_more,,,15,Male,,80
df34590d-6fa4-4e6d-be86-23a0be20ef18,22A,Gisagara,Mbogo,Mayaga-Bugesera,Low-Mid-Dry,-2.46982373,29.90078541,1367.61,Hills,,medium,red_less,,,12,Female,,25
5d5ae2ef-4127-4c46-907d-3aaa389c1df6,22A,Huye,Sazange,Central Plateau,Transitional,-2.4171899,29.771214,1745.36,Hills,,medium,brown,,,15,Male,,150
ee348f62-ee10-4265-b7a9-554c55c29d60,22A,Huye,Sazange,Central Plateau,Transitional,-2.4072888,29.7588849,1763.47,Hills,,medium,brown,,,11,Male,,100
7208af9d-5fc1-4324-9268-4f8265caaac0,22A,Huye,Sazange,Central Plateau,Low-Mid-Wet,-2.4242721,29.7489056,1695.01,Hills,,medium,red_less,,,15,Male,,100
1e868db9-0f7a-450c-b38a-7e945537572e,22A,Huye,Sazange,Central Plateau,Transitional,-2.4208331,29.7677838,1729.79,Hills,,medium,brown,,,12,Female,,21.5
2ccd80fc-d368-4f91-85e3-c39831542fd9,22A,Huye,Sazange,Central Plateau,Transitional,-2.405347,29.7609581,1713.05,Hills,,medium,black_less,,,14,Male,,15
03acd043-8c5c-4f17-8806-df3b28ef6399,22A,Huye,Sazange,Central Plateau,Transitional,-2.4067603,29.7608714,1754.39,Hills,,medium,brown,,,12,Female,,26
b20a8a08-5f09-4997-a6ff-3da52a909b68,22A,Huye,Sazange,Central Plateau,Transitional,-2.4209142,29.7701763,1745.08,Hills,,medium,brown,,,14,Female,,30
f9c01546-1e99-4128-8972-31941237871b,22A,Huye,Sazange,Central Plateau,Transitional,-2.4238695,29.7676464,1704.33,Hills,,high,brown,,,12,Male,,60
462bed43-fc31-411b-9f34-a0113cc67e79,22A,Huye,Sazange,Central Plateau,Transitional,-2.4201364,29.7636355,1702.14,Hills,,medium,red_less,,,10,Male,,85
7a998660-53c8-4632-8a6b-57e9c80ad564,22A,Huye,Sazange,Central Plateau,Low-Mid-Wet,-2.4580003,29.7634644,1699.63,Hills,,medium,black_less,,,5,Female,,40
79c6c91a-df2e-4b5d-9bf1-0bd98feadcc4,22A,Huye,Sazange,Central Plateau,Transitional,-2.4229625,29.7687953,1730.73,Hills,,medium,red_less,,,6,Female,,50
dcee583c-2a26-4d5d-920a-b97b5a7f0a7e,22A,Huye,Sazange,Central Plateau,Transitional,-2.4261431,29.7575487,1742.12,Hills,,medium,black_less,,,14,Male,,40
56ae65a3-a011-485e-9b57-6e625e553706,22A,Huye,Sazange,Central Plateau,Transitional,-2.4183076,29.765044,1757.34,Hills,,medium,red_less,,,6,Male,,150
2e9b87fc-2fd4-4e42-9871-de389dfd6fc0,22A,Huye,Sazange,Central Plateau,Transitional,-2.409858,29.7720812,1725.87,Hills,,medium,brown,,,18,Male,,40
93c7c4dd-110b-4ced-a6dc-9be574407470,22A,Huye,Sazange,Central Plateau,Transitional,-2.4237955,29.7694998,1702.05,Hills,,medium,black_less,,,13,Female,,25
88ae1af9-ef0d-4f65-9a23-b92545ffdc7e,22B,Nyanza,Gati,Central Plateau,Low-Mid-Wet,-2.32793281,29.85314056,1593.57,Hills,,medium,black_less,,,13,Female,,50
87fe4c02-27fb-429b-8d5f-ecfbbad6609f,22B,Nyanza,Gati,Central Plateau,Low-Mid-Wet,-2.3098903,29.84985597,1451.9,Hills,,medium,black_less,,,14,Male,,100
83c49709-c972-4c12-970c-6c69430a1feb,22B,Nyanza,Gati,Central Plateau,Low-Mid-Wet,-2.30999676,29.8499665,1448.8,Hills,,medium,black_less,,,13,Female,,60
de5d1cb0-c093-4816-b855-94a45bb82e1b,22B,Nyanza,Gati,Central Plateau,Low-Mid-Wet,-2.30889542,29.8518806,1439.67,Valley,,medium,black_less,,,7,Female,,30
07c5b0b1-6c3b-4235-a14d-1f2d7f8f3051,22B,Nyanza,Gati,Central Plateau,Low-Mid-Wet,-2.31880013,29.84965629,1474.1,Hills,,medium,black_less,,,10,Male,,35
58f74791-558c-482f-9d49-5fa4cd90bbb3,22B,Nyanza,Gati,Central Plateau,Low-Mid-Wet,-2.32412472,29.84951329,1501.57,Hills,,medium,black_less,,,11,Male,,50
a9965d87-bc5f-4201-8290-2d7612f702aa,22B,Gisagara,Mamba,Mayaga-Bugesera,Low-Mid-Dry,-2.46264597,29.91283104,1383.34,Hills,,medium,red_less,,,15,Male,,50
fae35dbd-d5d1-4061-8a6e-c9c891209156,22B,Gisagara,Mamba,Mayaga-Bugesera,Low-Mid-Dry,-2.46954551,29.9142513,1432.12,Hills,,medium,red_more,,,10,Female,,50
481d5037-995c-4565-9f74-4ee03ccdea67,22B,Gisagara,Mamba,Mayaga-Bugesera,Low-Mid-Dry,-2.47427618,29.91305668,1447.4,Hills,,medium,black_less,,,5,Male,,36
35996fbf-7c93-473b-82cc-ced9a7314fe5,22B,Gisagara,Mamba,Mayaga-Bugesera,Low-Mid-Dry,-2.47448179,29.91179749,1428.25,Hills,,medium,red_more,,,12,Female,,45
94dd011e-3880-4526-9a1c-f4f8fbd2fd86,22B,Gisagara,Mamba,Mayaga-Bugesera,Low-Mid-Dry,-2.46246417,29.91411033,1351.5,Hills,,medium,black_more,,,10,Male,,26
60a85bf6-1bf4-4878-8b8e-8d8f13d43327,22B,Gisagara,Mbogo,Mayaga-Bugesera,Low-Mid-Dry,-2.4815496,29.90381964,1368.68,Hills,,medium,red_more,,,10,Male,,35
db94a4ad-26bd-4033-9454-2f74ded24f76,22B,Gisagara,Mbogo,Mayaga-Bugesera,Low-Mid-Dry,-2.47807779,29.90494574,1374.46,Hills,,medium,red_less,,,10,Male,,50
f269fc73-3a91-409b-87b0-68835a03dc37,22B,Gisagara,Mbogo,Mayaga-Bugesera,Low-Mid-Dry,-2.48570997,29.8992667,1418.74,Hills,,high,red_less,,,10,Male,,60
a149c0c4-845a-4643-aaaf-01634dd4a749,22B,Gisagara,Mbogo,Mayaga-Bugesera,Low-Mid-Dry,-2.47820171,29.90157724,1426.66,Hills,,medium,red_less,,,10,Male,,40
98323ef7-8bb5-4534-af3e-6c3cc81c8217,22B,Gisagara,Mbogo,Mayaga-Bugesera,Low-Mid-Dry,-2.47761474,29.90529876,1364.09,Hills,,medium,red_more,,,10,Female,,120
1241dfb3-37ad-459f-9c5a-30d0c86bf9a8,22B,Gisagara,Mbogo,Mayaga-Bugesera,Low-Mid-Dry,-2.48166394,29.90476357,1367.39,Hills,,medium,black_less,,,5,Male,,26
300aec7f-4460-4e6d-b53f-6479bb9765bb,22B,Gisagara,Mbogo,Mayaga-Bugesera,Low-Mid-Dry,-2.47820618,29.90275967,1403.6,Hills,,medium,red_less,,,10,Male,,30
a135f280-3d50-45b9-82f7-3fa7b9d459ce,22B,Gisagara,Mbogo,Mayaga-Bugesera,Low-Mid-Dry,-2.47693745,29.90193264,1422.11,Hills,,high,red_more,,,10,Male,,100
be36b93a-bedc-4ad2-b024-73561df51d18,22B,Gisagara,Mbogo,Mayaga-Bugesera,Low-Mid-Dry,-2.48724602,29.9019083,1388.67,Hills,,high,red_less,,,15,Male,,150
1e641f3d-2512-43b4-beb6-839e28012d75,22B,Gisagara,Mbogo,Mayaga-Bugesera,Low-Mid-Dry,-2.47892315,29.89818566,1461.92,Hills,,medium,red_less,,,10,Male,,100
be23cb57-5a8b-406f-a7dd-1023681041fe,22B,Huye,Mwurire,Central Plateau,Transitional,-2.5545152,29.7535235,1725.48,Hills,,medium,black_less,,,12,Female,,55
cb95cbd6-ed27-43e8-bd89-e335c683479e,22B,Huye,Mwurire,Central Plateau,Low-Mid-Wet,-2.5540505,29.7515825,1700.28,Hills,,medium,black_less,,,16,Female,,65
d4f34a0e-7fb6-47c0-8be8-9312641f2b12,22B,Huye,Mwurire,Central Plateau,Transitional,-2.5532438,29.7589262,1734.06,Hills,,medium,black_less,,,16,Female,,30
cb44ea28-8dce-468d-b964-336648f24e39,22B,Huye,Mwurire,Central Plateau,Transitional,-2.5508712,29.7553039,1776.33,Hills,,medium,red_less,,,6,Female,,20
bcc6d387-ac3b-456b-b143-0c6f5722835f,22B,Huye,Mwurire,Central Plateau,Transitional,-2.5463138,29.760574,1796.43,Hills,,medium,red_less,,,10,Male,,50
c5cf6f2f-947d-4fbd-9d8e-9ee8cb61444d,22B,Huye,Sazange,Central Plateau,Transitional,-2.4210678,29.7715889,1744.17,Hills,,medium,red_less,,,5,Male,,110
d866916a-ae02-43dc-bb80-32c8d63201a2,22B,Huye,Sazange,Central Plateau,Transitional,-2.4043717,29.7610282,1719.7,Hills,,medium,black_less,,,16,Male,,50
3e029dbe-b2c5-4c35-b23a-741bfc57893a,22B,Huye,Sazange,Central Plateau,Transitional,-2.4065991,29.7608955,1756.53,Hills,,medium,black_less,,,17,Female,,20
9c4f1b97-b96c-4964-beee-33e9a8c70d27,22B,Huye,Sazange,Central Plateau,Low-Mid-Wet,-2.4243026,29.7489936,1681.24,Hills,,medium,red_less,,,18,Male,,20
b3a53c4a-e560-4dbf-a4d6-614179ff0265,22B,Huye,Sazange,Central Plateau,Transitional,-2.4085288,29.7663665,1710.76,Hills,,medium,black_less,,,20,Male,,25
338442be-b4c4-4982-b3a9-975bcfd44eb1,22B,Huye,Sazange,Central Plateau,Low-Mid-Wet,-2.4226759,29.7654,1699.56,Hills,,medium,red_less,,,23,Female,,30
ad5b54f6-d259-4854-a2a6-76ffd1569c8a,22B,Huye,Sazange,Central Plateau,Low-Mid-Wet,-2.4105675,29.7716222,1699.66,Hills,,medium,black_less,,,16,Male,,40
ba77c21d-8cc4-4fc2-8c53-35cf04aae3e2,22B,Huye,Sazange,Central Plateau,Transitional,-2.4186128,29.7705434,1770.98,Hills,,medium,black_less,,,13,Female,,20
862ec423-04ba-46bc-b03f-2e3cbec29178,22B,Huye,Sazange,Central Plateau,Transitional,-2.4236586,29.7679678,1721.34,Hills,,medium,black_less,,,8,Female,,20
54757619-9f6b-456d-9b82-8c300d18e704,21A,Nyamasheke,Mutongo_Cya,Congo Nile,Transitional,-2.439269401,29.19533822,1690.09,Valley,Valley,medium,black_less,no_rocks,deep,17,,,
7331a289-02a7-4ac1-b04a-422195e7fe52,21A,Nyamasheke,Mutongo_Cya,Congo Nile,Transitional,-2.439249724,29.19530422,1689.3,Hills,Flat,medium,black_less,no_rocks,deep,5,,,
17f882ce-a117-4169-86c5-ca3275ee7358,21A,Nyamasheke,Mutongo_Cya,Congo Nile,Transitional,-2.410868315,29.20233625,1730.88,Radical_terraces,Flat,medium,red_less,no_rocks,shallow,2,Female,5,25
38ca4a94-e661-4bb4-9fea-ca3f3ffef8ff,21A,Nyamasheke,Mutongo_Cya,Congo Nile,Transitional,-2.411784317,29.2007386,1706.86,Radical_terraces,Flat,medium,red_less,no_rocks,shallow,2,Female,10,10
ff5a2b55-7060-4351-adf1-7de40fd9009c,21A,Nyamasheke,Mutongo_Cya,Congo Nile,Transitional,-2.415004123,29.20744212,1716.67,Hills,Flat,medium,red_less,less_rocky,shallow,9,Female,30,15
e01f4393-88b3-4ff9-8779-35d7e1a7bf0f,21A,Nyamasheke,Mutongo_Cya,Congo Nile,Transitional,-2.413218196,29.19849118,1618.64,Hills,Backslope,high,red_less,no_rocks,deep,19,Female,90,20
84125c76-a1d4-46a2-97c5-ab7ce31cede4,21A,Nyamasheke,Mutongo_Cya,Congo Nile,Highlands,-2.420213036,29.21509382,1905.05,Hills,Backslope,medium,red_less,no_rocks,deep,16,Male,5,15
65a20e35-0dc0-46e9-ae7f-8b1b897c7671,21A,Nyamasheke,Mutongo_Cya,Congo Nile,Transitional,-2.427370771,29.20648153,1861.5,Hills,Backslope,medium,red_more,no_rocks,shallow,17,Female,2,25
eabc760d-1c5e-4383-abce-0ee2c78e55d1,21A,Nyamasheke,Mutongo_Cya,Congo Nile,Transitional,-2.422147834,29.20082725,1701.21,Hills,Backslope,less_than_medium,yellowish,no_rocks,deep,16,Female,90,15
fb9dc39b-67b6-43b7-9fc5-01a7c1493bcf,21A,Nyamasheke,Rwesero,Lake Kivu,Low-Mid-Wet,-2.359984651,29.08435421,1503.11,Hills,Backslope,medium,black_less,no_rocks,deep,10,Female,6,5
12dcb5e1-5401-4ab6-a431-5b8b21282962,21A,Nyamasheke,Rwesero,Lake Kivu,Low-Mid-Wet,-2.360348955,29.09320806,1574.3,Hills,Backslope,high,red_less,no_rocks,deep,5,,,
9cd66e46-22fd-49c9-842d-0d629c92fe8b,21A,Nyamasheke,Rwesero,Lake Kivu,Low-Mid-Wet,-2.359397434,29.09359551,1581.81,Hills,Backslope,high,red_less,no_rocks,deep,7,,,
d1a13d0d-5d0e-4919-9c7e-b874317621b8,21A,Nyamasheke,Rwesero,Lake Kivu,Low-Mid-Wet,-2.337682721,29.13533477,1594.52,Hills,Footslope,medium,red_less,no_rocks,deep,15,,,
fbc9e6bc-e002-440e-af1e-b0aaa5e662dd,21A,Nyamasheke,Rwesero,Lake Kivu,Low-Mid-Wet,-2.353826796,29.09467798,1576.69,Hills,Backslope,medium,red_less,no_rocks,deep,10,Male,10,30
55e7f687-92c0-4ecf-a5cb-cb46301fe829,21A,Nyamasheke,Rwesero,Lake Kivu,Low-Mid-Wet,-2.363675659,29.09245522,1573.36,Hills,Backslope,medium,red_less,no_rocks,shallow,5,Female,3,10
4c6e849d-1e48-4c2b-8f8e-0b63a0a25530,21A,Nyamasheke,Rwesero,Lake Kivu,Low-Mid-Wet,-2.363631534,29.09256378,1552.85,Hills,Backslope,high,red_less,no_rocks,deep,20,,,
ec462615-7df5-41a9-8580-34349e73c023,21A,Nyamasheke,Rwesero,Lake Kivu,Low-Mid-Wet,-2.337699532,29.13536842,1566.47,Hills,Backslope,medium,red_less,no_rocks,deep,15,,,
de42c41b-8619-404e-9ff3-de4aca1fccc4,21A,Nyamasheke,Rwesero,Lake Kivu,Low-Mid-Wet,-2.337736783,29.1352879,1641.53,Hills,Backslope,medium,red_less,no_rocks,deep,10,,,
759ea027-6c3d-43c9-b86a-da75364efaab,21A,Nyamasheke,Rwesero,Lake Kivu,Low-Mid-Wet,-2.3319962,29.1356113,0,Hills,Backslope,medium,red_less,no_rocks,deep,5,,,
36694e62-5f38-4788-921e-cd211004470c,21A,Nyamasheke,Rwesero,Lake Kivu,Low-Mid-Wet,-2.337686221,29.13534262,1583.37,Hills,Backslope,high,red_less,no_rocks,deep,2,Female,3,15
6ca06abf-8a42-4408-8577-f94a47d38a16,21A,Nyamasheke,Rwesero,Lake Kivu,Low-Mid-Wet,-2.337741933,29.13540618,1571.62,Hills,Backslope,medium,red_less,no_rocks,deep,12,Female,5,25
1b08825b-c3c3-4835-bb03-4a6f4a68d651,21A,Nyamasheke,Rwesero,Lake Kivu,Low-Mid-Wet,-2.337681916,29.13530615,1578.89,Valley,Valley,high,red_less,no_rocks,deep,5,Female,10,15
0b65ea54-78b2-41f8-86e1-787f2cf9d957,21A,Nyamasheke,Rwesero,Lake Kivu,Low-Mid-Wet,-2.339720659,29.12993054,1402.75,Hills,Backslope,medium,red_less,no_rocks,deep,10,Male,10,15
652c25f40dfb425a9d762d54d7102a7a,22A,Nyamasheke,Mutongo_Cya,Congo Nile,Transitional,-2.439269401,29.19533822,1690.09,Valley,Flat,medium,black_less,no_rocks,deep,17,Female,,3
b1154edfd19546ca922356c41a141107,22A,Nyamasheke,Mutongo_Cya,Congo Nile,Transitional,-2.416064385,29.20297554,1786.8,Radical_terraces,Flat,medium,red_less,no_rocks,shallow,2,Female,,22
6c25d23518f2419d80bc9dda0c649961,22A,Nyamasheke,Mutongo_Cya,Congo Nile,Transitional,-2.415004123,29.20744212,1716.67,Hills,Flat,less_than_medium,red_less,less_rocky,shallow,9,Female,,15
77fdba74ab084fdcb1fa983f60c95b59,22A,Nyamasheke,Mutongo_Cya,Congo Nile,Transitional,-2.413218196,29.19849118,1618.64,Hills,Backslope,medium,red_less,no_rocks,deep,19,Female,,10
48d1a1ea678442af970e9244523a4c76,22A,Nyamasheke,Mutongo_Cya,Congo Nile,Highlands,-2.420213036,29.21509382,1905.05,Hills,Backslope,high,red_less,no_rocks,deep,16,Male,,95
c27de95a4f4944709b07d0654589df30,22A,Nyamasheke,Mutongo_Cya,Congo Nile,Transitional,-2.422147834,29.20082725,1701.21,Hills,Backslope,medium,yellowish,no_rocks,deep,16,Female,,24
752565d6ec9f4627b043564b4690bd44,22A,Nyamasheke,Rwesero,Lake Kivu,Low-Mid-Wet,-2.359984651,29.08435421,1503.11,Hills,Backslope,medium,black_less,no_rocks,deep,10,Female,,6
8c0d0ed38172411c88b9ddaa7a6cc5f0,22A,Nyamasheke,Rwesero,Lake Kivu,Low-Mid-Wet,-2.360003151,29.0843523,1504.56,Hills,Backslope,medium,red_less,no_rocks,shallow,8,Female,,25
9cc4fb925e2a4c578f7124e1978dc2eb,22A,Nyamasheke,Rwesero,Lake Kivu,Low-Mid-Wet,-2.360348955,29.09320806,1574.3,Hills,Backslope,medium,red_less,no_rocks,deep,5,Female,,31
3f0f7adbc71c4d7986d81e04fcc27d38,22A,Nyamasheke,Rwesero,Lake Kivu,Low-Mid-Wet,-2.359397434,29.09359551,1581.81,Hills,Backslope,medium,red_less,no_rocks,deep,7,Male,,36
06c673c38ac84ddbac4dfe411914f5cc,22A,Nyamasheke,Rwesero,Lake Kivu,Low-Mid-Wet,-2.337682721,29.13533477,1594.52,Hills,Footslope,medium,red_less,no_rocks,deep,15,Female,,15
36843bef8c644a03a9a458af1094980f,22A,Nyamasheke,Rwesero,Lake Kivu,Low-Mid-Wet,-2.353826796,29.09467798,1576.69,Hills,Backslope,high,red_less,no_rocks,deep,10,Male,,30
fdf3f147a06a488aafa39286edf36644,22A,Nyamasheke,Rwesero,Lake Kivu,Low-Mid-Wet,-2.363675659,29.09245522,1573.36,Hills,Backslope,medium,red_less,no_rocks,shallow,5,Female,,10
dc3d93d13cb341359959390fe39d430c,22A,Nyamasheke,Rwesero,Lake Kivu,Low-Mid-Wet,-2.337699532,29.13536842,1566.47,Hills,Backslope,medium,red_less,no_rocks,deep,15,Female,,23
c3bfeedea8544484952bcb5c16a41635,22A,Nyamasheke,Rwesero,Lake Kivu,Low-Mid-Wet,-2.339963027,29.1304379,1530.8,Hills,Backslope,high,red_less,no_rocks,deep,5,Female,,20
e0ee0f112654476788e17bddf0c635e4,22A,Nyamasheke,Rwesero,Lake Kivu,Low-Mid-Wet,-2.337686221,29.13534262,1583.37,Hills,Backslope,medium,red_less,no_rocks,deep,2,Female,,15
21c9fd926afd41cd9d1d55109e70bdd1,22A,Nyamasheke,Rwesero,Lake Kivu,Low-Mid-Wet,-2.337741933,29.13540618,1571.62,Hills,Backslope,medium,red_less,no_rocks,deep,12,Female,,25
299ad95769dd4d0297a7c5bd560c2505,22A,Nyamasheke,Rwesero,Lake Kivu,Low-Mid-Wet,-2.3638781,29.0948316,1586.56,Hills,Summit,medium,red_less,no_rocks,deep,5,Female,,25
8d819a079c15403bbfc6417a5fb662de,22A,Nyamasheke,Rwesero,Lake Kivu,Low-Mid-Wet,-2.339720659,29.12993054,1402.75,Hills,Backslope,medium,red_less,no_rocks,deep,10,Male,,15
7352ca3d-06eb-48d6-ad94-03d4851ba71f,21A,Rutsiro,Mageragere,Lake Kivu,Low-Mid-Wet,-2.016439083,29.42441819,1644.63,Hills,Shoulder,medium,grey,much_small_sized_rocks,shallow,18,Female,10,40
f1dc8326-93c1-4612-8c88-419cdfe7fcbf,21A,Rutsiro,Mageragere,Lake Kivu,Low-Mid-Wet,-2.016416501,29.42224735,1640.6,Hills,Backslope,medium,brown,less_rocky,shallow,15,Male,10,40
f440b02d-5245-4987-acea-753e67cab68c,21A,Rutsiro,Mageragere,Lake Kivu,Low-Mid-Wet,-2.024825289,29.38236668,1463.38,Valley,Valley,high,red_less,no_rocks,deep,0,Male,20,18
c2db770b-2ce0-4462-9c74-9e80db5297c9,21A,Rutsiro,Mageragere,Lake Kivu,Low-Mid-Wet,-2.024781735,29.38232959,1476.84,Valley,Valley,high,black_less,no_rocks,deep,0,Male,20,18
ec09ea4e-7560-4dfb-a132-95046f2d2ae4,21A,Rutsiro,Mageragere,Lake Kivu,Low-Mid-Wet,-2.024737779,29.38237287,1466.88,Valley,Valley,high,black_less,no_rocks,deep,0,Male,20,16
61280d6e-f997-455f-a225-583b7146384a,21A,Rutsiro,Mageragere,Lake Kivu,Low-Mid-Wet,-2.010748915,29.39336772,1671.56,Hills,Flat,medium,red_less,no_rocks,shallow,15,Female,30,30
f801cf58-0b18-493b-a0d7-dba27514ae1e,21A,Rutsiro,Mageragere,Lake Kivu,Low-Mid-Wet,-2.027404722,29.38275516,1529.25,Hills,Backslope,less_than_medium,black_less,much_small_sized_rocks,shallow,20,Male,60,12
84f24adb-cd37-4a68-81ea-4b3610cdba45,21A,Rutsiro,Mageragere,Lake Kivu,Low-Mid-Wet,-2.024817005,29.38237293,1465.78,Valley,Valley,high,black_more,no_rocks,deep,0,Male,20,18
1b833e7f-68ae-4df1-a44b-5412ba666a36,21A,Rutsiro,Mageragere,Lake Kivu,Low-Mid-Wet,-2.024784523,29.38228937,1471.24,Valley,Valley,medium,red_less,no_rocks,deep,0,Male,60,20
ed6b0bb1-c455-4f1d-823a-5a6ff752c2d3,21A,Rutsiro,Mageragere,Lake Kivu,Low-Mid-Wet,-2.010828573,29.39335075,1652.91,Hills,Flat,medium,red_less,less_rocky,shallow,10,Female,30,30
b5f17f22-124b-4e98-a989-7ffa2b979272,21A,Rutsiro,Mwendo,Congo Nile,Highlands,-2.06079493,29.53918757,2097.54,Hills,Backslope,medium,red_less,no_rocks,shallow,28,Female,12,70
42709b5e-5787-4c08-8ff7-924589c6675f,21A,Rutsiro,Mwendo,Congo Nile,Highlands,-2.05021158,29.53715982,2076.96,Hills,Backslope,medium,black_less,no_rocks,deep,32,Female,4,60
cbe7560d-5f25-486a-af6f-0874b6dfbc7a,21A,Rutsiro,Mwendo,Congo Nile,Highlands,-2.068437372,29.55631299,2087.96,Hills,Footslope,medium,black_less,no_rocks,deep,15,Male,2,30
2497f391-fdd1-44e1-a2f2-d1ef746782c0,21A,Rutsiro,Mwendo,Congo Nile,Highlands,-2.06512549,29.55070469,2124.65,Hills,Backslope,medium,black_less,no_rocks,shallow,22,Female,5,60
6b21f203-7b2e-4371-a49b-b67913742c75,21A,Rutsiro,Mwendo,Congo Nile,Highlands,-2.066658113,29.55887844,2118.64,Hills,Backslope,medium,red_less,less_rocky,shallow,18,Female,5,70
86860520-699b-4345-a10f-bd8603a7a685,21A,Rutsiro,Mwendo,Congo Nile,Highlands,-2.041921784,29.53947174,2087.09,Hills,Backslope,medium,black_less,no_rocks,shallow,31,Female,3,70
33b54b39-e6b8-453f-bba5-8eac6a9e7893,21A,Rutsiro,Mwendo,Congo Nile,Highlands,-2.065090684,29.55487306,2127.73,Hills,Footslope,medium,red_less,no_rocks,shallow,15,Male,15,70
6250fb65-df09-4a19-abda-85466bdc11f2,21A,Rutsiro,Mwendo,Congo Nile,Highlands,-2.06628639,29.55045424,2131.47,Hills,Backslope,medium,red_less,no_rocks,shallow,24,Female,3,35
63b05a29-3331-499f-ab0b-43cf53488afa,21A,Rutsiro,Mwendo,Congo Nile,Highlands,-2.062542172,29.54720193,2209.21,Hills,Backslope,medium,red_less,no_rocks,shallow,24,Female,5,80
6ec3dadc-a465-4429-a995-6a85e83f8406,21A,Rutsiro,Mwendo,Congo Nile,Highlands,-2.063266401,29.54306827,2113.99,Hills,Backslope,medium,red_less,less_rocky,shallow,26,Male,4,50
42b66889-550f-49c4-bf67-ae5d58a32cc6,21A,Karongi,Ryaruhanga,Lake Kivu,Low-Mid-Wet,-2.130886971,29.32311519,1569.33,Hills,Backslope,medium,grey,no_rocks,shallow,26,Male,5,26
52dd0298-5239-496a-80ce-6c1356406f46,21A,Karongi,Ryaruhanga,Lake Kivu,Low-Mid-Wet,-2.12361856,29.31324182,1696.72,Hills,Backslope,high,red_less,no_rocks,deep,10,Male,15,10
1bfb7a61-eaba-4161-99b7-cb08d89c35ab,21A,Karongi,Ryaruhanga,Lake Kivu,Transitional,-2.123750519,29.31336703,1707.51,Hills,Backslope,high,red_less,no_rocks,deep,10,Male,30,16
95f3a0d7-0be5-4216-ae38-97db2a0fc562,21A,Karongi,Ryaruhanga,Lake Kivu,Transitional,-2.123544363,29.31333039,1704.51,Hills,Backslope,medium,black_more,no_rocks,shallow,10,Female,10,6
7cb33555-d056-4380-acb2-59ceab9ea646,21A,Karongi,Ryaruhanga,Lake Kivu,Low-Mid-Wet,-2.113903598,29.31020466,1503.3,Hills,Backslope,medium,red_less,no_rocks,deep,10,Female,10,10
20a28248-0db5-455b-b575-e12004c1fde6,21A,Karongi,Ryaruhanga,Lake Kivu,Low-Mid-Wet,-2.138888714,29.31849154,1618.5,Hills,Backslope,medium,red_less,less_rocky,shallow,10,Male,9,20
f5d124ff-e9d9-49e4-b035-d0550ac0fd5b,21A,Karongi,Ryaruhanga,Lake Kivu,Transitional,-2.141973942,29.32402782,1710.43,Valley,Valley,medium,red_more,no_rocks,deep,5,Female,8,15
cbd85626-d602-4c5b-908b-d1d7bdadf7dc,21A,Karongi,Ryaruhanga,Lake Kivu,Low-Mid-Wet,-2.138932993,29.32595628,1678.48,Hills,Shoulder,medium,black_less,no_rocks,shallow,10,Male,30,25
9f38205c-ac43-410f-a6ae-3bf7f01887ed,21A,Karongi,Ryaruhanga,Lake Kivu,Low-Mid-Wet,-2.14071475,29.32394526,1670.58,Hills,Backslope,medium,red_more,no_rocks,deep,5,Male,6,10
87f1efb5-a374-4587-8e4d-a06efc02d598,21A,Karongi,Ryaruhanga,Lake Kivu,Transitional,-2.141927908,29.32347666,1715.65,Hills,Backslope,medium,red_more,no_rocks,deep,10,Female,5,15
dff96609-0489-4be8-8c32-ae6378c9a5c7,21A,Karongi,Ryaruhanga,Lake Kivu,Transitional,-2.148919216,29.32868844,1885.09,Hills,Backslope,high,black_less,less_rocky,shallow,15,Female,5,12
b60d6e89-d599-49ce-97ab-b217a0c53063,21A,Karongi,Ryaruhanga,Lake Kivu,Transitional,-2.143350618,29.3279071,1787.85,Hills,Summit,medium,black_less,much_small_sized_rocks,shallow,10,Male,5,15
7c341286-de82-4bbc-b0f6-d05c402f6520,21A,Karongi,Ryaruhanga,Lake Kivu,Low-Mid-Wet,-2.118094159,29.31317522,1595.27,Hills,Backslope,medium,grey,no_rocks,shallow,8,Female,5,10
07df9897-50e1-4330-a61e-2fb5c81768cf,21A,Karongi,Ryaruhanga,Lake Kivu,Transitional,-2.1442466,29.32778867,1787.87,Hills,Backslope,medium,red_more,no_rocks,deep,8,Female,3,10
b2a55524-6e4d-4fe2-9623-6551c9ac9dbb,21A,Karongi,Tyazo,Congo Nile,Highlands,-2.129301288,29.47864351,2049.52,Hills,Backslope,medium,black_less,no_rocks,deep,5,Female,3,15
1dd1f0b7-0531-477a-8fd4-c0e108afeaca,21A,Karongi,Tyazo,Congo Nile,Highlands,-2.129348178,29.47858268,2058.52,Hills,Backslope,medium,black_less,no_rocks,deep,5,Female,3,20
50908239-9aad-4a46-9c41-9447b8a6464b,21A,Karongi,Tyazo,Congo Nile,Highlands,-2.11805796,29.47544675,1939.9,Hills,Backslope,medium,red_less,less_rocky,shallow,15,Male,3,25
6ef2c7b7-e799-4a94-ac1c-039842f00e42,21A,Karongi,Tyazo,Congo Nile,Highlands,-2.11547101,29.47407676,1926.26,Hills,Backslope,medium,red_less,no_rocks,deep,12,Male,30,40
ad8ddecd-c251-473d-a059-0ec9a543332e,21A,Karongi,Tyazo,Congo Nile,Highlands,-2.115434235,29.47397787,1927.88,Hills,Backslope,medium,black_less,less_rocky,shallow,13,Male,25,30
5f96e72b-f1df-4ba5-b7c2-8deac5ebcae0,21A,Karongi,Tyazo,Congo Nile,Highlands,-2.115479941,29.47395408,1921.83,Hills,Backslope,medium,red_less,no_rocks,deep,10,Male,14,22
c58890fb-e313-42f7-8f59-d64c28019ee1,21A,Karongi,Tyazo,Congo Nile,Highlands,-2.134299677,29.47921567,2093.17,Hills,Backslope,medium,black_less,less_rocky,shallow,10,Male,30,25
d8e5f79e-0859-48e4-9852-9eb78985056d,21A,Karongi,Tyazo,Congo Nile,Highlands,-2.118133331,29.4753964,1952.37,Hills,Backslope,medium,red_less,no_rocks,deep,15,Male,5,25
30fbe03f-65b0-4d6b-9753-7298bcd8278c,21A,Karongi,Tyazo,Congo Nile,Highlands,-2.134261391,29.479385,2091.95,Hills,Backslope,medium,black_less,no_rocks,deep,13,Male,25,27
64a19844-25b6-4364-9ee8-ea705dce10a3,21A,Karongi,Tyazo,Congo Nile,Highlands,-2.134302742,29.47914882,2096.42,Hills,Backslope,medium,black_less,no_rocks,deep,12,Male,5,30
9752b228-6a32-461a-89cd-6bad6702ad84,21A,Karongi,Tyazo,Congo Nile,Highlands,-2.134238621,29.479368,2093.04,Hills,Backslope,medium,black_less,less_rocky,deep,10,Female,25,27
fad83600-bd6a-4004-bf6f-dd13eabe93f6,21A,Karongi,Tyazo,Congo Nile,Highlands,-2.134138026,29.47927139,2069.03,Hills,Backslope,medium,black_less,less_rocky,deep,10,Female,40,25
4f81bde0-b1a3-4ea9-ab6c-00e8e501ffb8,21A,Karongi,Tyazo,Congo Nile,Highlands,-2.133200724,29.4829226,2051.24,Hills,Backslope,medium,black_less,no_rocks,deep,10,Female,5,30
4612f63d-b7a0-4cd9-af8a-2929f320c128,21A,Karongi,Tyazo,Congo Nile,Highlands,-2.13318289,29.47912113,2084.87,Hills,Backslope,medium,black_less,less_rocky,deep,12,Female,2,20
7a4865ab-6bcc-495b-bb61-471a3c44e3a6,21A,Karongi,Tyazo,Congo Nile,Highlands,-2.134171464,29.47975446,2076.43,Hills,Backslope,medium,black_less,less_rocky,deep,11,Male,2,20
4547615a39a148bb81e9ff2262fb69f6,22A,Rutsiro,Mageragere,Lake Kivu,Low-Mid-Wet,-2.016439083,29.42441819,1644.63,Hills,Shoulder,medium,grey,much_small_sized_rocks,shallow,18,Female,,60
8875cb2727f3435982a6569280306a80,22A,Rutsiro,Mageragere,Lake Kivu,Low-Mid-Wet,-2.016416501,29.42224735,1640.6,Hills,Backslope,medium,brown,less_rocky,shallow,15,Male,,50
a3558113c4584fb29a48fbdee9e171df,22A,Rutsiro,Mageragere,Lake Kivu,Low-Mid-Wet,-2.024825289,29.38236668,1463.38,Valley,Flat,medium,red_less,no_rocks,deep,0,Male,,24
673759f668574c428dc42537f3fae685,22A,Rutsiro,Mageragere,Lake Kivu,Low-Mid-Wet,-2.024737779,29.38237287,1466.88,Valley,Flat,high,black_less,no_rocks,deep,0,Female,,16
4b87606d022c4ec495d16dd4dbe24391,22A,Rutsiro,Mageragere,Lake Kivu,Low-Mid-Wet,-2.010748915,29.39336772,1671.56,Hills,Flat,medium,red_less,no_rocks,shallow,15,Female,,40
a4e761f6e5934a3d9f349b565cfdf105,22A,Rutsiro,Mageragere,Lake Kivu,Low-Mid-Wet,-2.027404722,29.38275516,1529.25,Hills,Backslope,medium,black_less,much_small_sized_rocks,shallow,20,Female,,30
3d3eac3596c74fc0875359d4a8996efa,22A,Rutsiro,Mageragere,Lake Kivu,Low-Mid-Wet,-2.024784523,29.38228937,1471.24,Valley,Flat,medium,red_less,no_rocks,deep,0,Male,,30
19e06c25403d4097b71795304b9128a7,22A,Rutsiro,Mageragere,Lake Kivu,Low-Mid-Wet,-2.010828573,29.39335075,1652.91,Hills,Flat,medium,red_less,less_rocky,shallow,10,Female,,40
929300f8678643d99760d2fa8d05fff0,22A,Rutsiro,Mwendo,Congo Nile,Highlands,-2.06079493,29.53918757,2097.54,Hills,Backslope,medium,red_less,no_rocks,shallow,28,Female,,80
a531b0d3138c4041a5aaa435820eaf77,22A,Rutsiro,Mwendo,Congo Nile,Highlands,-2.05021158,29.53715982,2076.96,Hills,Backslope,medium,black_less,no_rocks,deep,32,Female,,60
a6bff04295e14af1aee28af9b21614d2,22A,Rutsiro,Mwendo,Congo Nile,Highlands,-2.068437372,29.55631299,2087.96,Hills,Footslope,medium,black_less,no_rocks,deep,15,Male,,30
4ff9d26522cf49bcafdde0f8d5561d01,22A,Rutsiro,Mwendo,Congo Nile,Highlands,-2.06512549,29.55070469,2124.65,Hills,Backslope,medium,black_less,no_rocks,shallow,22,Female,,60
799cb26c4cf54ceaa56fa94fff9fcc54,22A,Rutsiro,Mwendo,Congo Nile,Highlands,-2.066658113,29.55887844,2118.64,Hills,Backslope,medium,red_less,less_rocky,shallow,18,Female,,80
13cc46cb8c384462b56ba5a12290d83e,22A,Rutsiro,Mwendo,Congo Nile,Highlands,-2.041921784,29.53947174,2087.09,Hills,Backslope,medium,black_less,no_rocks,shallow,31,Male,,90
58673dd048844a9c97c92d7b3f3542d1,22A,Rutsiro,Mwendo,Congo Nile,Highlands,-2.0650702,29.5549548,2129.62,Hills,Footslope,medium,red_less,no_rocks,shallow,15,Male,,100
a26e84caad4f4f89b3ecc9430f4bbf7b,22A,Rutsiro,Mwendo,Congo Nile,Highlands,-2.0663235,29.5503564,2122.35,Hills,Backslope,medium,red_less,no_rocks,shallow,24,Female,,35
9b793c2a82294649a935b819a04948f8,22A,Rutsiro,Mwendo,Congo Nile,Highlands,-2.0624876,29.5472163,2199.09,Hills,Backslope,medium,red_less,no_rocks,shallow,24,Female,,100
e3fc7f0d9a5640a794c515a61b537569,22A,Rutsiro,Mwendo,Congo Nile,Highlands,-2.063266401,29.54306827,2113.98,Hills,Backslope,medium,red_less,less_rocky,shallow,26,Male,,60
d0ba4141e99349d5a90fb7f5303d9b2e,22A,Karongi,Ryaruhanga,Lake Kivu,Low-Mid-Wet,-2.130886971,29.32311519,1569.33,Hills,Backslope,high,grey,no_rocks,shallow,26,Male,,30
6317a262220c4826ab9352ceca7e2f01,22A,Karongi,Ryaruhanga,Lake Kivu,Low-Mid-Wet,-2.12361856,29.31324182,1696.72,Hills,Backslope,medium,red_less,no_rocks,deep,10,Male,,15
440353422980424587303a9964e50829,22A,Karongi,Ryaruhanga,Lake Kivu,Transitional,-2.123750519,29.31336703,1707.51,Hills,Backslope,medium,red_less,no_rocks,deep,10,Male,,25
39f86446facd49d0bd27f282c241a05b,22A,Karongi,Ryaruhanga,Lake Kivu,Transitional,-2.123544363,29.31333039,1704.51,Hills,Backslope,medium,black_more,no_rocks,shallow,10,Female,,6
78e793d686714f1cb241ffec6aca1d70,22A,Karongi,Ryaruhanga,Lake Kivu,Low-Mid-Wet,-2.113903598,29.31020466,1503.3,Hills,Backslope,medium,red_less,no_rocks,deep,10,Female,,15
5ed8f364ac4c40339f2f4171a46ce302,22A,Karongi,Ryaruhanga,Lake Kivu,Low-Mid-Wet,-2.138888714,29.31849154,1618.5,Hills,Backslope,medium,red_less,less_rocky,shallow,10,Female,,30
4863dcbe7f284fe5866c32fbd14d69ab,22A,Karongi,Ryaruhanga,Lake Kivu,Transitional,-2.141973942,29.32402782,1710.43,Valley,Flat,medium,red_more,no_rocks,deep,5,Female,,20
fea0cb2354e64560af1626623e02b44b,22A,Karongi,Ryaruhanga,Lake Kivu,Low-Mid-Wet,-2.138932993,29.32595628,1678.48,Hills,Shoulder,medium,black_less,no_rocks,shallow,10,Male,,25
8d5bdb6aa65841cfbba0d11f6c865b8f,22A,Karongi,Ryaruhanga,Lake Kivu,Low-Mid-Wet,-2.14071475,29.32394526,1670.58,Hills,Backslope,medium,red_more,no_rocks,deep,5,Female,,20
014d6b73d08a42c1be8990d884b17206,22A,Karongi,Ryaruhanga,Lake Kivu,Transitional,-2.141927908,29.32347666,1715.65,Hills,Backslope,medium,red_more,no_rocks,deep,10,Male,,20
f8712f871241461aad5de0dd44e9f353,22A,Karongi,Ryaruhanga,Lake Kivu,Transitional,-2.148919216,29.32868844,1885.09,Hills,Backslope,medium,black_less,less_rocky,shallow,15,Male,,12
a5c56fd07dc94145b9a778df378a6000,22A,Karongi,Ryaruhanga,Lake Kivu,Low-Mid-Wet,-2.118094159,29.31317522,1595.27,Hills,Backslope,medium,grey,no_rocks,shallow,8,Female,,15
842e66804f1c4317a1896e72d12664eb,22A,Karongi,Ryaruhanga,Lake Kivu,Transitional,-2.1442466,29.32778867,1787.87,Hills,Backslope,medium,red_more,no_rocks,deep,8,Female,,15
e4b02b103e984d209ae7846de5c7d972,22A,Karongi,Tyazo,Congo Nile,Highlands,-2.129301288,29.47864351,2049.52,Hills,Backslope,medium,black_less,no_rocks,deep,5,Female,,15
9db793706c0d40daa3b7e458ee05e7bd,22A,Karongi,Tyazo,Congo Nile,Highlands,-2.129348178,29.47858268,2058.52,Hills,Backslope,medium,black_less,no_rocks,deep,5,Female,,20
0aba15a99f8f4eec966dc3bf5be13cbb,22A,Karongi,Tyazo,Congo Nile,Highlands,-2.11805796,29.47544675,1939.9,Hills,Backslope,medium,red_less,less_rocky,shallow,15,Male,,45
e51517509aac4630ac5889cdc052abd7,22A,Karongi,Tyazo,Congo Nile,Highlands,-2.11547101,29.47407676,1926.26,Hills,Backslope,medium,red_less,no_rocks,deep,12,Male,,53
5bccf0ceeabe457298cf7ed8cdc96e60,22A,Karongi,Tyazo,Congo Nile,Highlands,-2.115434235,29.47397787,1927.88,Hills,Backslope,medium,black_less,less_rocky,shallow,13,Male,,20
c63ef92d8b9b4dd48e0b7c6748a5b323,22A,Karongi,Tyazo,Congo Nile,Highlands,-2.115479941,29.47395408,1921.83,Hills,Backslope,medium,red_less,no_rocks,deep,10,Male,,38
a08371b5434a4c63a30b681694fe673a,22A,Karongi,Tyazo,Congo Nile,Highlands,-2.134299677,29.47921567,2093.17,Hills,Backslope,medium,black_less,less_rocky,shallow,10,Male,,37
1c7f5d4a147a44b9bc401d0345d400f8,22A,Karongi,Tyazo,Congo Nile,Highlands,-2.118133331,29.4753964,1952.37,Hills,Backslope,medium,red_less,no_rocks,deep,15,Male,,28
ea3c2e9754d44e9dafbf10e19f836c0b,22A,Karongi,Tyazo,Congo Nile,Highlands,-2.134261391,29.479385,2091.94,Hills,Backslope,medium,black_less,no_rocks,deep,13,Male,,30
fcaaa7085f684b8c8cfc98e966e11cdd,22A,Karongi,Tyazo,Congo Nile,Highlands,-2.134302742,29.47914882,2096.42,Hills,Backslope,medium,black_less,no_rocks,deep,12,Male,,40
1e29dd8505d741f6a1f660afb4b7b68e,22A,Karongi,Tyazo,Congo Nile,Highlands,-2.134238621,29.479368,2093.04,Hills,Backslope,medium,black_less,less_rocky,deep,10,Female,,39
b0f8cfa2862a471db1fdbddb5e7acc0c,22A,Karongi,Tyazo,Congo Nile,Highlands,-2.134138026,29.47927139,2069.03,Hills,Backslope,medium,black_less,less_rocky,deep,10,Female,,35
b2d908af4a2a466bbc277006f29da27d,22A,Karongi,Tyazo,Congo Nile,Highlands,-2.133200724,29.4829226,2051.23,Hills,Backslope,medium,black_less,no_rocks,deep,10,Female,,44
72e2e081263c4e3db433d49fb0bf3ed1,22A,Karongi,Tyazo,Congo Nile,Highlands,-2.13318289,29.47912113,2084.87,Hills,Backslope,medium,black_less,less_rocky,deep,12,Female,,30
7b9a2d5c8d0c4e029b32bee26ff19f8c,22A,Karongi,Tyazo,Congo Nile,Highlands,-2.134171464,29.47975446,2076.42,Hills,Backslope,medium,black_less,less_rocky,deep,11,Male,,30
